ContainerID,language,dimension,Size,L_Value,Timestamp,CPUPerc,MemUsed,MemLimit,NetReceived,NetSent,BlockRead,BlockWritten
215b8710595c,python,1d,mid,2000,17:37:59,0.00%,0B,0B,0B,0B,0B,0B
849548a679ad,python,1d,mid,2000,17:38:32,0.00%,0B,0B,0B,0B,0B,0B
4063be5719f5,python,1d,mid,2000,17:39:05,0.00%,0B,0B,0B,0B,0B,0B
5ad0d2351dbe,python,1d,mid,2000,17:39:08,0.00%,0B,0B,0B,0B,0B,0B
a4976fb311ce,python,1d,low,1000,17:40:26,0.00%,0B,0B,0B,0B,0B,0B
6961b04aefed,python,1d,low,1000,17:42:16,0.00%,0B,0B,0B,0B,0B,0B
4e77c3a78eff,python,1d,high,10000,17:44:30,0.00%,0B,0B,0B,0B,0B,0B
37e733fc5d6e,python,1d,low,1000,17:45:26,0.00%,0B,0B,0B,0B,0B,0B
e55d223bb8bc,python,1d,low,1000,17:46:17,0.00%,0B,0B,0B,0B,0B,0B
945cd2ce942c,python,1d,low,1000,17:47:28,0.00%,0B,0B,0B,0B,0B,0B
faea1610e891,python,1d,low,1000,17:48:04,0.00%,0B,0B,0B,0B,0B,0B
b405aed6ac76,python,1d,mid,2000,17:50:03,0.00%,0B,0B,0B,0B,0B,0B
2f3308078f04,python,1d,low,1000,17:56:03,0.00%,0B,0B,0B,0B,0B,0B
f0d8a7c1d679,python,1d,high,10000,17:59:58,0.00%,0B,0B,0B,0B,0B,0B
c00cce1183be,python,1d,high,10000,18:01:34,0.00%,0B,0B,0B,0B,0B,0B
54501ba87821,python,1d,high,10000,18:05:29,0.00%,0B,0B,0B,0B,0B,0B
ec7ee2aef274,python,1d,low,1000,18:05:33,0.00%,0B,0B,0B,0B,0B,0B
27db4a6f5737,python,1d,low,1000,18:11:24,0.00%,0B,0B,0B,0B,0B,0B
eddc522b1909,python,1d,low,1000,18:11:30,0.00%,0B,0B,0B,0B,0B,0B
47ccaec20067,python,1d,high,10000,18:16:37,0.00%,0B,0B,0B,0B,0B,0B
b5b72739e788,python,1d,high,10000,18:17:33,0.00%,0B,0B,0B,0B,0B,0B
5625074ac89e,python,1d,low,1000,18:17:36,0.00%,0B,0B,0B,0B,0B,0B
72f7553720a5,python,1d,mid,2000,18:18:09,0.00%,0B,0B,0B,0B,0B,0B
0f5bfaf40f58,python,1d,high,10000,18:21:17,0.00%,0B,0B,0B,0B,0B,0B
9ee14846fac1,python,1d,mid,2000,18:22:25,0.00%,0B,0B,0B,0B,0B,0B
cf778726021d,python,1d,low,1000,18:27:22,0.00%,0B,0B,0B,0B,0B,0B
51278807bf0f,python,1d,mid,2000,18:27:44,0.00%,0B,0B,0B,0B,0B,0B
bea01210b4fc,python,1d,high,10000,18:28:49,0.00%,0B,0B,0B,0B,0B,0B
8688b16a0ecd,python,1d,mid,2000,18:32:33,0.00%,0B,0B,0B,0B,0B,0B
6d730cc87564,python,1d,mid,2000,18:33:14,0.00%,0B,0B,0B,0B,0B,0B
996c20d33fb6,python,1d,mid,2000,18:34:34,0.00%,0B,0B,0B,0B,0B,0B
ef4adf59a419,python,1d,low,1000,18:34:37,0.00%,0B,0B,0B,0B,0B,0B
e571a314b926,python,1d,low,1000,18:34:43,0.00%,0B,0B,0B,0B,0B,0B
07e94bac0bc1,python,1d,low,1000,18:35:45,0.00%,0B,0B,0B,0B,0B,0B
523d33182a48,python,1d,low,1000,18:37:22,0.00%,0B,0B,0B,0B,0B,0B
afa2114b2581,python,1d,high,10000,18:42:14,0.00%,0B,0B,0B,0B,0B,0B
eddd1d7082c1,python,1d,mid,2000,18:43:32,0.00%,0B,0B,0B,0B,0B,0B
d049e655ed73,python,1d,low,1000,18:49:09,0.00%,0B,0B,0B,0B,0B,0B
4c184648c731,python,1d,mid,2000,18:49:12,0.00%,0B,0B,0B,0B,0B,0B
25e63fda81a3,python,1d,low,1000,18:49:15,0.00%,0B,0B,0B,0B,0B,0B
e23fa73b1966,python,1d,high,10000,18:59:29,0.00%,0B,0B,0B,0B,0B,0B
0cd06ff56d61,python,1d,mid,2000,18:59:59,0.00%,0B,0B,0B,0B,0B,0B
503f2c3f445d,python,1d,high,10000,19:02:54,0.00%,0B,0B,0B,0B,0B,0B
6c609e74e725,python,1d,high,10000,19:02:57,0.00%,0B,0B,0B,0B,0B,0B
7e581da35ac9,python,1d,mid,2000,19:06:15,0.00%,0B,0B,0B,0B,0B,0B
72eb85de488b,python,1d,mid,2000,19:13:56,0.00%,0B,0B,0B,0B,0B,0B
9b3612cbe135,python,1d,high,10000,19:17:45,0.00%,0B,0B,0B,0B,0B,0B
d205abe95f7e,python,1d,mid,2000,19:19:26,0.00%,0B,0B,0B,0B,0B,0B
6e9abcd23398,python,1d,high,10000,19:21:17,0.00%,0B,0B,0B,0B,0B,0B
01b9c29d698f,python,1d,low,1000,19:21:20,0.00%,0B,0B,0B,0B,0B,0B
ab2a48662fcf,python,1d,high,10000,19:21:23,0.00%,0B,0B,0B,0B,0B,0B
b9667b418b34,python,1d,low,1000,19:21:29,0.00%,0B,0B,0B,0B,0B,0B
f4d1490ad8f9,python,1d,high,10000,19:23:33,0.00%,0B,0B,0B,0B,0B,0B
fe82739f4c5e,python,1d,high,10000,19:23:36,0.00%,0B,0B,0B,0B,0B,0B
4e94e7ce1871,python,1d,low,1000,19:24:34,0.00%,0B,0B,0B,0B,0B,0B
12780c865e28,python,1d,mid,2000,19:24:59,0.00%,0B,0B,0B,0B,0B,0B
47a157f0855a,python,1d,high,10000,19:37:26,0.00%,0B,0B,0B,0B,0B,0B
cc1713dd4ff4,python,1d,low,1000,19:38:18,0.00%,0B,0B,0B,0B,0B,0B
c275933f2669,python,1d,mid,2000,19:40:15,0.00%,0B,0B,0B,0B,0B,0B
dfd9ee4a9c77,python,1d,low,1000,19:43:22,0.00%,0B,0B,0B,0B,0B,0B
aedf64407c55,python,1d,mid,2000,19:51:18,0.00%,0B,0B,0B,0B,0B,0B
0265acef1186,python,1d,high,10000,19:51:46,0.00%,0B,0B,0B,0B,0B,0B
b5a29a2bc36a,python,1d,low,1000,19:52:38,0.00%,0B,0B,0B,0B,0B,0B
3338d6d9b28c,python,1d,high,10000,19:55:37,0.00%,0B,0B,0B,0B,0B,0B
ef7075a4664a,python,1d,low,1000,19:56:57,0.00%,0B,0B,0B,0B,0B,0B
2312d52c8571,python,1d,high,10000,20:04:08,0.00%,0B,0B,0B,0B,0B,0B
a54f1d063c15,python,1d,mid,2000,20:04:41,0.00%,0B,0B,0B,0B,0B,0B
c8533aba1aed,python,1d,low,1000,20:05:30,0.00%,0B,0B,0B,0B,0B,0B
607e3af0bfe5,python,1d,high,10000,20:08:11,0.00%,0B,0B,0B,0B,0B,0B
79ad9e9d490e,python,1d,high,10000,20:09:53,0.00%,0B,0B,0B,0B,0B,0B
950cd0bd0bb1,python,1d,high,10000,20:10:40,0.00%,0B,0B,0B,0B,0B,0B
b8d0499ca471,python,1d,high,10000,20:11:13,0.00%,0B,0B,0B,0B,0B,0B
d006c9bcbbec,python,1d,mid,2000,20:11:16,0.00%,0B,0B,0B,0B,0B,0B
9a6b5ef984bc,python,1d,mid,2000,20:11:19,0.00%,0B,0B,0B,0B,0B,0B
60b6ff14aee0,python,1d,mid,2000,20:13:07,0.00%,0B,0B,0B,0B,0B,0B
7c1f4315cfc6,python,1d,mid,2000,20:16:43,0.00%,0B,0B,0B,0B,0B,0B
56a4db4a44fb,python,1d,high,10000,20:18:45,0.00%,0B,0B,0B,0B,0B,0B
97bbc5103e80,python,1d,high,10000,20:20:32,0.00%,0B,0B,0B,0B,0B,0B
319fe2874372,python,1d,low,1000,20:27:02,0.00%,0B,0B,0B,0B,0B,0B
20770945339c,python,1d,low,1000,20:29:54,0.00%,0B,0B,0B,0B,0B,0B
5da2a35f2f57,python,1d,high,10000,20:32:54,0.00%,0B,0B,0B,0B,0B,0B
a630a426d5ba,python,1d,mid,2000,20:34:12,0.00%,0B,0B,0B,0B,0B,0B
c9f223ec0ccb,python,1d,high,10000,20:37:14,0.00%,0B,0B,0B,0B,0B,0B
b5366053bf8b,python,1d,low,1000,20:38:24,0.00%,0B,0B,0B,0B,0B,0B
6047e20c0c8a,python,1d,mid,2000,20:39:54,0.00%,0B,0B,0B,0B,0B,0B
68cc7ca20b63,python,1d,mid,2000,20:45:00,0.00%,0B,0B,0B,0B,0B,0B
284acd459b73,python,1d,mid,2000,20:46:43,0.00%,0B,0B,0B,0B,0B,0B
47c4fe8e2be5,python,1d,high,10000,20:46:52,0.00%,0B,0B,0B,0B,0B,0B
e08b15df39d1,python,1d,mid,2000,20:49:04,0.00%,0B,0B,0B,0B,0B,0B
7a34c100f9a6,python,1d,low,1000,20:49:07,0.00%,0B,0B,0B,0B,0B,0B
